[
  {
    "date": "2024-01-01",
    "description": "New Year's Day",
    "locale": "en-SG",
    "notes": "",
    "region": "",
    "type": "NF"
  },
  {
    "date": "2024-02-10",
    "description": "Chinese New Year",
    "locale": "en-SG",
    "notes": "",
    "region": "",
    "type": "NRV"
  },
  {
    "date": "2024-02-11",
    "description": "Chinese New Year (Second Day)",
    "locale": "en-SG",
    "notes": "",
    "region": "",
    "type": "NRV"
  },
  {
    "date": "2024-02-12",
    "description": "Chinese New Year (in lieu)",
    "locale": "en-SG",
    "notes": "",
    "region": "",
    "type": "NRV"
  },
  {
    "date": "2024-03-29",
    "description": "Good Friday",
    "locale": "en-SG",
    "notes": "",
    "region": "",
    "type": "NRV"
  },
  {
    "date": "2024-04-10",
    "description": "Hari Raya Puasa",
    "locale": "en-SG",
    "notes": "",
    "region": "",
    "type": "NRV"
  },
  {
    "date": "2024-05-01",
    "description": "Labour Day",
    "locale": "en-SG",
    "notes": "",
    "region": "",
    "type": "NF"
  },
  {
    "date": "2024-05-22",
    "description": "Vesak Day",
    "locale": "en-SG",
    "notes": "",
    "region": "",
    "type": "NRV"
  },
  {
    "date": "2024-06-17",
    "description": "Hari Raya Haji",
    "locale": "en-SG",
    "notes": "",
    "region": "",
    "type": "NRV"
  },
  {
    "date": "2024-08-09",
    "description": "National Day",
    "locale": "en-SG",
    "notes": "",
    "region": "",
    "type": "NF"
  },
  {
    "date": "2024-10-31",
    "description": "Deepavali",
    "locale": "en-SG",
    "notes": "",
    "region": "",
    "type": "NRV"
  },
  {
    "date": "2024-12-25",
    "description": "Christmas Day",
    "locale": "en-SG",
    "notes": "",
    "region": "",
    "type": "NRF"
  }
]
