[
  {
    "date": "2014-01-01",
    "description": "New Year",
    "locale": "en-LU",
    "notes": "",
    "region": "",
    "type": "NF"
  },
  {
    "date": "2014-04-20",
    "description": "Easter",
    "locale": "en-LU",
    "notes": "",
    "region": "",
    "type": "NF"
  },
  {
    "date": "2014-04-21",
    "description": "Easter Monday",
    "locale": "en-LU",
    "notes": "",
    "region": "",
    "type": "NF"
  },
  {
    "date": "2014-05-01",
    "description": "Mayday",
    "locale": "en-LU",
    "notes": "",
    "region": "",
    "type": "NF"
  },
  {
    "date": "2014-05-29",
    "description": "Ascension Day",
    "locale": "en-LU",
    "notes": "",
    "region": "",
    "type": "NF"
  },
  {
    "date": "2014-06-08",
    "description": "Pentecost",
    "locale": "en-LU",
    "notes": "",
    "region": "",
    "type": "NF"
  },
  {
    "date": "2014-06-09",
    "description": "Whit Monday",
    "locale": "en-LU",
    "notes": "",
    "region": "",
    "type": "NF"
  },
  {
    "date": "2014-06-23",
    "description": "National Day",
    "locale": "en-LU",
    "notes": "",
    "region": "",
    "type": "NF"
  },
  {
    "date": "2014-08-15",
    "description": "Assumption",
    "locale": "en-LU",
    "notes": "",
    "region": "",
    "type": "NRF"
  },
  {
    "date": "2014-11-01",
    "description": "All Saints",
    "locale": "en-LU",
    "notes": "",
    "region": "",
    "type": "NRF"
  },
  {
    "date": "2014-12-25",
    "description": "Christmas",
    "locale": "en-LU",
    "notes": "",
    "region": "",
    "type": "NRF"
  },
  {
    "date": "2014-12-26",
    "description": "Boxing Day",
    "locale": "en-LU",
    "notes": "",
    "region": "",
    "type": "NRF"
  }
]
