[
  {
    "date": "2022-01-01",
    "description": "Neijoerschdag",
    "locale": "lb-LU",
    "notes": "",
    "region": "",
    "type": "NF"
  },
  {
    "date": "2022-04-17",
    "description": "Ouschteren",
    "locale": "lb-LU",
    "notes": "",
    "region": "",
    "type": "NF"
  },
  {
    "date": "2022-04-18",
    "description": "Ouschterméindeg",
    "locale": "lb-LU",
    "notes": "",
    "region": "",
    "type": "NF"
  },
  {
    "date": "2022-05-01",
    "description": "Éischte Mee",
    "locale": "lb-LU",
    "notes": "",
    "region": "",
    "type": "NF"
  },
  {
    "date": "2022-05-09",
    "description": "Europadag",
    "locale": "lb-LU",
    "notes": "",
    "region": "",
    "type": "NF"
  },
  {
    "date": "2022-05-26",
    "description": "Christi Himmelfaart",
    "locale": "lb-LU",
    "notes": "",
    "region": "",
    "type": "NF"
  },
  {
    "date": "2022-06-05",
    "description": "Péngschten",
    "locale": "lb-LU",
    "notes": "",
    "region": "",
    "type": "NF"
  },
  {
    "date": "2022-06-06",
    "description": "Péngschtméindeg",
    "locale": "lb-LU",
    "notes": "",
    "region": "",
    "type": "NF"
  },
  {
    "date": "2022-06-23",
    "description": "Nationalfeierdag",
    "locale": "lb-LU",
    "notes": "",
    "region": "",
    "type": "NF"
  },
  {
    "date": "2022-08-15",
    "description": "Léiffrawëschdag",
    "locale": "lb-LU",
    "notes": "",
    "region": "",
    "type": "NRF"
  },
  {
    "date": "2022-11-01",
    "description": "Allerhellegen",
    "locale": "lb-LU",
    "notes": "",
    "region": "",
    "type": "NRF"
  },
  {
    "date": "2022-12-25",
    "description": "Chrëschtdag",
    "locale": "lb-LU",
    "notes": "",
    "region": "",
    "type": "NRF"
  },
  {
    "date": "2022-12-26",
    "description": "Stiefesdag",
    "locale": "lb-LU",
    "notes": "",
    "region": "",
    "type": "NRF"
  }
]
