[
  {
    "date": "2019-01-01",
    "description": "Neijoerschdag",
    "locale": "lb-LU",
    "notes": "",
    "region": "",
    "type": "NF"
  },
  {
    "date": "2019-04-21",
    "description": "Ouschteren",
    "locale": "lb-LU",
    "notes": "",
    "region": "",
    "type": "NF"
  },
  {
    "date": "2019-04-22",
    "description": "Ouschterméindeg",
    "locale": "lb-LU",
    "notes": "",
    "region": "",
    "type": "NF"
  },
  {
    "date": "2019-05-01",
    "description": "Éischte Mee",
    "locale": "lb-LU",
    "notes": "",
    "region": "",
    "type": "NF"
  },
  {
    "date": "2019-05-09",
    "description": "Europadag",
    "locale": "lb-LU",
    "notes": "",
    "region": "",
    "type": "NF"
  },
  {
    "date": "2019-05-30",
    "description": "Christi Himmelfaart",
    "locale": "lb-LU",
    "notes": "",
    "region": "",
    "type": "NF"
  },
  {
    "date": "2019-06-09",
    "description": "Péngschten",
    "locale": "lb-LU",
    "notes": "",
    "region": "",
    "type": "NF"
  },
  {
    "date": "2019-06-10",
    "description": "Péngschtméindeg",
    "locale": "lb-LU",
    "notes": "",
    "region": "",
    "type": "NF"
  },
  {
    "date": "2019-06-23",
    "description": "Nationalfeierdag",
    "locale": "lb-LU",
    "notes": "",
    "region": "",
    "type": "NF"
  },
  {
    "date": "2019-08-15",
    "description": "Léiffrawëschdag",
    "locale": "lb-LU",
    "notes": "",
    "region": "",
    "type": "NRF"
  },
  {
    "date": "2019-11-01",
    "description": "Allerhellegen",
    "locale": "lb-LU",
    "notes": "",
    "region": "",
    "type": "NRF"
  },
  {
    "date": "2019-12-25",
    "description": "Chrëschtdag",
    "locale": "lb-LU",
    "notes": "",
    "region": "",
    "type": "NRF"
  },
  {
    "date": "2019-12-26",
    "description": "Stiefesdag",
    "locale": "lb-LU",
    "notes": "",
    "region": "",
    "type": "NRF"
  }
]
