[
  {
    "date": "2017-01-01",
    "description": "Neijoerschdag",
    "locale": "lb-LU",
    "notes": "",
    "region": "",
    "type": "NF"
  },
  {
    "date": "2017-04-16",
    "description": "Ouschteren",
    "locale": "lb-LU",
    "notes": "",
    "region": "",
    "type": "NF"
  },
  {
    "date": "2017-04-17",
    "description": "Ouschterméindeg",
    "locale": "lb-LU",
    "notes": "",
    "region": "",
    "type": "NF"
  },
  {
    "date": "2017-05-01",
    "description": "Éischte Mee",
    "locale": "lb-LU",
    "notes": "",
    "region": "",
    "type": "NF"
  },
  {
    "date": "2017-05-25",
    "description": "Christi Himmelfaart",
    "locale": "lb-LU",
    "notes": "",
    "region": "",
    "type": "NF"
  },
  {
    "date": "2017-06-04",
    "description": "Péngschten",
    "locale": "lb-LU",
    "notes": "",
    "region": "",
    "type": "NF"
  },
  {
    "date": "2017-06-05",
    "description": "Péngschtméindeg",
    "locale": "lb-LU",
    "notes": "",
    "region": "",
    "type": "NF"
  },
  {
    "date": "2017-06-23",
    "description": "Nationalfeierdag",
    "locale": "lb-LU",
    "notes": "",
    "region": "",
    "type": "NF"
  },
  {
    "date": "2017-08-15",
    "description": "Léiffrawëschdag",
    "locale": "lb-LU",
    "notes": "",
    "region": "",
    "type": "NRF"
  },
  {
    "date": "2017-11-01",
    "description": "Allerhellegen",
    "locale": "lb-LU",
    "notes": "",
    "region": "",
    "type": "NRF"
  },
  {
    "date": "2017-12-25",
    "description": "Chrëschtdag",
    "locale": "lb-LU",
    "notes": "",
    "region": "",
    "type": "NRF"
  },
  {
    "date": "2017-12-26",
    "description": "Stiefesdag",
    "locale": "lb-LU",
    "notes": "",
    "region": "",
    "type": "NRF"
  }
]
