[
  {
    "date": "2019-01-01",
    "description": "Nouvel An",
    "locale": "fr-LU",
    "notes": "",
    "region": "",
    "type": "NF"
  },
  {
    "date": "2019-04-21",
    "description": "Pâques",
    "locale": "fr-LU",
    "notes": "",
    "region": "",
    "type": "NF"
  },
  {
    "date": "2019-04-22",
    "description": "Lundi de Pâques",
    "locale": "fr-LU",
    "notes": "",
    "region": "",
    "type": "NF"
  },
  {
    "date": "2019-05-01",
    "description": "Premier Mai",
    "locale": "fr-LU",
    "notes": "",
    "region": "",
    "type": "NF"
  },
  {
    "date": "2019-05-09",
    "description": "Journée de l'Europe",
    "locale": "fr-LU",
    "notes": "",
    "region": "",
    "type": "NF"
  },
  {
    "date": "2019-05-30",
    "description": "Ascension",
    "locale": "fr-LU",
    "notes": "",
    "region": "",
    "type": "NF"
  },
  {
    "date": "2019-06-09",
    "description": "Pentecôte",
    "locale": "fr-LU",
    "notes": "",
    "region": "",
    "type": "NF"
  },
  {
    "date": "2019-06-10",
    "description": "Lundi de Pentecôte",
    "locale": "fr-LU",
    "notes": "",
    "region": "",
    "type": "NF"
  },
  {
    "date": "2019-06-23",
    "description": "Fête nationale",
    "locale": "fr-LU",
    "notes": "",
    "region": "",
    "type": "NF"
  },
  {
    "date": "2019-08-15",
    "description": "Assomption",
    "locale": "fr-LU",
    "notes": "",
    "region": "",
    "type": "NRF"
  },
  {
    "date": "2019-11-01",
    "description": "Toussaint",
    "locale": "fr-LU",
    "notes": "",
    "region": "",
    "type": "NRF"
  },
  {
    "date": "2019-12-25",
    "description": "Noël",
    "locale": "fr-LU",
    "notes": "",
    "region": "",
    "type": "NRF"
  },
  {
    "date": "2019-12-26",
    "description": "Saint Étienne",
    "locale": "fr-LU",
    "notes": "",
    "region": "",
    "type": "NRF"
  }
]
