[
  {
    "date": "2026-01-01",
    "description": "Nyårsdagen",
    "locale": "sv-FI",
    "notes": "",
    "region": "",
    "type": "NF"
  },
  {
    "date": "2026-01-06",
    "description": "Trettondedagen",
    "locale": "sv-FI",
    "notes": "",
    "region": "",
    "type": "NRF"
  },
  {
    "date": "2026-04-03",
    "description": "Långfredagen",
    "locale": "sv-FI",
    "notes": "",
    "region": "",
    "type": "NRV"
  },
  {
    "date": "2026-04-05",
    "description": "Påskdagen",
    "locale": "sv-FI",
    "notes": "",
    "region": "",
    "type": "NRV"
  },
  {
    "date": "2026-04-06",
    "description": "Annandag påsk",
    "locale": "sv-FI",
    "notes": "",
    "region": "",
    "type": "NRV"
  },
  {
    "date": "2026-05-01",
    "description": "Första maj",
    "locale": "sv-FI",
    "notes": "",
    "region": "",
    "type": "NF"
  },
  {
    "date": "2026-05-14",
    "description": "Kristi himmelfärdsdag",
    "locale": "sv-FI",
    "notes": "",
    "region": "",
    "type": "NRV"
  },
  {
    "date": "2026-05-24",
    "description": "Pingst",
    "locale": "sv-FI",
    "notes": "",
    "region": "",
    "type": "NRV"
  },
  {
    "date": "2026-06-20",
    "description": "Midsommardagen",
    "locale": "sv-FI",
    "notes": "",
    "region": "",
    "type": "NRV"
  },
  {
    "date": "2026-10-31",
    "description": "Alla helgons dag",
    "locale": "sv-FI",
    "notes": "",
    "region": "",
    "type": "NRV"
  },
  {
    "date": "2026-12-06",
    "description": "Självständighetsdagen",
    "locale": "sv-FI",
    "notes": "",
    "region": "",
    "type": "NF"
  },
  {
    "date": "2026-12-25",
    "description": "Juldagen",
    "locale": "sv-FI",
    "notes": "",
    "region": "",
    "type": "NRF"
  },
  {
    "date": "2026-12-26",
    "description": "Annandag jul",
    "locale": "sv-FI",
    "notes": "",
    "region": "",
    "type": "NRF"
  }
]
