[
  {
    "date": "2014-01-01",
    "description": "Neijoerschdag",
    "locale": "lb-LU",
    "notes": "",
    "region": "",
    "type": "NF"
  },
  {
    "date": "2014-04-20",
    "description": "Ouschteren",
    "locale": "lb-LU",
    "notes": "",
    "region": "",
    "type": "NF"
  },
  {
    "date": "2014-04-21",
    "description": "Ouschterméindeg",
    "locale": "lb-LU",
    "notes": "",
    "region": "",
    "type": "NF"
  },
  {
    "date": "2014-05-01",
    "description": "Éischte Mee",
    "locale": "lb-LU",
    "notes": "",
    "region": "",
    "type": "NF"
  },
  {
    "date": "2014-05-29",
    "description": "Christi Himmelfaart",
    "locale": "lb-LU",
    "notes": "",
    "region": "",
    "type": "NF"
  },
  {
    "date": "2014-06-08",
    "description": "Péngschten",
    "locale": "lb-LU",
    "notes": "",
    "region": "",
    "type": "NF"
  },
  {
    "date": "2014-06-09",
    "description": "Péngschtméindeg",
    "locale": "lb-LU",
    "notes": "",
    "region": "",
    "type": "NF"
  },
  {
    "date": "2014-06-23",
    "description": "Nationalfeierdag",
    "locale": "lb-LU",
    "notes": "",
    "region": "",
    "type": "NF"
  },
  {
    "date": "2014-08-15",
    "description": "Léiffrawëschdag",
    "locale": "lb-LU",
    "notes": "",
    "region": "",
    "type": "NRF"
  },
  {
    "date": "2014-11-01",
    "description": "Allerhellegen",
    "locale": "lb-LU",
    "notes": "",
    "region": "",
    "type": "NRF"
  },
  {
    "date": "2014-12-25",
    "description": "Chrëschtdag",
    "locale": "lb-LU",
    "notes": "",
    "region": "",
    "type": "NRF"
  },
  {
    "date": "2014-12-26",
    "description": "Stiefesdag",
    "locale": "lb-LU",
    "notes": "",
    "region": "",
    "type": "NRF"
  }
]
