[
  {
    "date": "2026-01-01",
    "description": "New Year's Day",
    "locale": "en-CA",
    "notes": "",
    "region": "",
    "type": "NF"
  },
  {
    "date": "2026-02-16",
    "description": "Family Day",
    "locale": "en-CA",
    "notes": "",
    "region": "AB",
    "type": "V"
  },
  {
    "date": "2026-02-16",
    "description": "Family Day",
    "locale": "en-CA",
    "notes": "",
    "region": "NB",
    "type": "V"
  },
  {
    "date": "2026-02-16",
    "description": "Family Day",
    "locale": "en-CA",
    "notes": "",
    "region": "ON",
    "type": "V"
  },
  {
    "date": "2026-02-16",
    "description": "Family Day",
    "locale": "en-CA",
    "notes": "",
    "region": "SK",
    "type": "V"
  },
  {
    "date": "2026-02-16",
    "description": "Islander Day",
    "locale": "en-CA",
    "notes": "",
    "region": "PE",
    "type": "V"
  },
  {
    "date": "2026-02-16",
    "description": "Louis Riel Day",
    "locale": "en-CA",
    "notes": "",
    "region": "MB",
    "type": "V"
  },
  {
    "date": "2026-04-03",
    "description": "Good Friday",
    "locale": "en-CA",
    "notes": "",
    "region": "",
    "type": "NRV"
  },
  {
    "date": "2026-04-06",
    "description": "Easter Monday",
    "locale": "en-CA",
    "notes": "",
    "region": "AB",
    "type": "RV"
  },
  {
    "date": "2026-04-06",
    "description": "Easter Monday",
    "locale": "en-CA",
    "notes": "",
    "region": "PE",
    "type": "RV"
  },
  {
    "date": "2026-04-06",
    "description": "Easter Monday",
    "locale": "en-CA",
    "notes": "",
    "region": "QC",
    "type": "RV"
  },
  {
    "date": "2026-05-18",
    "description": "National Patriots' Day",
    "locale": "en-CA",
    "notes": "",
    "region": "QC",
    "type": "V"
  },
  {
    "date": "2026-05-18",
    "description": "Victoria Day",
    "locale": "en-CA",
    "notes": "",
    "region": "AB",
    "type": "V"
  },
  {
    "date": "2026-05-18",
    "description": "Victoria Day",
    "locale": "en-CA",
    "notes": "",
    "region": "BC",
    "type": "V"
  },
  {
    "date": "2026-05-18",
    "description": "Victoria Day",
    "locale": "en-CA",
    "notes": "",
    "region": "MB",
    "type": "V"
  },
  {
    "date": "2026-05-18",
    "description": "Victoria Day",
    "locale": "en-CA",
    "notes": "",
    "region": "NS",
    "type": "V"
  },
  {
    "date": "2026-05-18",
    "description": "Victoria Day",
    "locale": "en-CA",
    "notes": "",
    "region": "NT",
    "type": "V"
  },
  {
    "date": "2026-05-18",
    "description": "Victoria Day",
    "locale": "en-CA",
    "notes": "",
    "region": "NU",
    "type": "V"
  },
  {
    "date": "2026-05-18",
    "description": "Victoria Day",
    "locale": "en-CA",
    "notes": "",
    "region": "ON",
    "type": "V"
  },
  {
    "date": "2026-05-18",
    "description": "Victoria Day",
    "locale": "en-CA",
    "notes": "",
    "region": "SK",
    "type": "V"
  },
  {
    "date": "2026-05-18",
    "description": "Victoria Day",
    "locale": "en-CA",
    "notes": "",
    "region": "YT",
    "type": "V"
  },
  {
    "date": "2026-06-24",
    "description": "National Holiday",
    "locale": "en-CA",
    "notes": "",
    "region": "QC",
    "type": "F"
  },
  {
    "date": "2026-07-01",
    "description": "Canada Day",
    "locale": "en-CA",
    "notes": "",
    "region": "",
    "type": "NF"
  },
  {
    "date": "2026-08-03",
    "description": "August Civic Holiday",
    "locale": "en-CA",
    "notes": "",
    "region": "NT",
    "type": "V"
  },
  {
    "date": "2026-08-03",
    "description": "August Civic Holiday",
    "locale": "en-CA",
    "notes": "",
    "region": "NU",
    "type": "V"
  },
  {
    "date": "2026-08-03",
    "description": "Heritage Day",
    "locale": "en-CA",
    "notes": "",
    "region": "AB",
    "type": "V"
  },
  {
    "date": "2026-08-03",
    "description": "Heritage Day",
    "locale": "en-CA",
    "notes": "",
    "region": "NS",
    "type": "V"
  },
  {
    "date": "2026-08-03",
    "description": "New Brunswick Day",
    "locale": "en-CA",
    "notes": "",
    "region": "NB",
    "type": "V"
  },
  {
    "date": "2026-08-03",
    "description": "Saskatchewan Day",
    "locale": "en-CA",
    "notes": "",
    "region": "SK",
    "type": "V"
  },
  {
    "date": "2026-09-07",
    "description": "Labour Day",
    "locale": "en-CA",
    "notes": "",
    "region": "",
    "type": "NV"
  },
  {
    "date": "2026-10-12",
    "description": "Thanksgiving Day",
    "locale": "en-CA",
    "notes": "",
    "region": "AB",
    "type": "V"
  },
  {
    "date": "2026-10-12",
    "description": "Thanksgiving Day",
    "locale": "en-CA",
    "notes": "",
    "region": "BC",
    "type": "V"
  },
  {
    "date": "2026-10-12",
    "description": "Thanksgiving Day",
    "locale": "en-CA",
    "notes": "",
    "region": "MB",
    "type": "V"
  },
  {
    "date": "2026-10-12",
    "description": "Thanksgiving Day",
    "locale": "en-CA",
    "notes": "",
    "region": "NL",
    "type": "V"
  },
  {
    "date": "2026-10-12",
    "description": "Thanksgiving Day",
    "locale": "en-CA",
    "notes": "",
    "region": "NT",
    "type": "V"
  },
  {
    "date": "2026-10-12",
    "description": "Thanksgiving Day",
    "locale": "en-CA",
    "notes": "",
    "region": "NU",
    "type": "V"
  },
  {
    "date": "2026-10-12",
    "description": "Thanksgiving Day",
    "locale": "en-CA",
    "notes": "",
    "region": "ON",
    "type": "V"
  },
  {
    "date": "2026-10-12",
    "description": "Thanksgiving Day",
    "locale": "en-CA",
    "notes": "",
    "region": "QC",
    "type": "V"
  },
  {
    "date": "2026-10-12",
    "description": "Thanksgiving Day",
    "locale": "en-CA",
    "notes": "",
    "region": "SK",
    "type": "V"
  },
  {
    "date": "2026-10-12",
    "description": "Thanksgiving Day",
    "locale": "en-CA",
    "notes": "",
    "region": "YT",
    "type": "V"
  },
  {
    "date": "2026-11-11",
    "description": "Remembrance Day",
    "locale": "en-CA",
    "notes": "",
    "region": "AB",
    "type": "F"
  },
  {
    "date": "2026-11-11",
    "description": "Remembrance Day",
    "locale": "en-CA",
    "notes": "",
    "region": "BC",
    "type": "F"
  },
  {
    "date": "2026-11-11",
    "description": "Remembrance Day",
    "locale": "en-CA",
    "notes": "",
    "region": "NB",
    "type": "F"
  },
  {
    "date": "2026-11-11",
    "description": "Remembrance Day",
    "locale": "en-CA",
    "notes": "",
    "region": "NL",
    "type": "F"
  },
  {
    "date": "2026-11-11",
    "description": "Remembrance Day",
    "locale": "en-CA",
    "notes": "",
    "region": "NT",
    "type": "F"
  },
  {
    "date": "2026-12-25",
    "description": "Christmas Day",
    "locale": "en-CA",
    "notes": "",
    "region": "",
    "type": "NRF"
  },
  {
    "date": "2026-12-26",
    "description": "Boxing Day",
    "locale": "en-CA",
    "notes": "",
    "region": "",
    "type": "NRF"
  }
]
