[
  {
    "date": "2014-01-01",
    "description": "New Year's Day",
    "locale": "en-SG",
    "notes": "",
    "region": "",
    "type": "NF"
  },
  {
    "date": "2014-01-31",
    "description": "Chinese New Year",
    "locale": "en-SG",
    "notes": "",
    "region": "",
    "type": "NRV"
  },
  {
    "date": "2014-02-01",
    "description": "Chinese New Year (Second Day)",
    "locale": "en-SG",
    "notes": "",
    "region": "",
    "type": "NRV"
  },
  {
    "date": "2014-04-18",
    "description": "Good Friday",
    "locale": "en-SG",
    "notes": "",
    "region": "",
    "type": "NRV"
  },
  {
    "date": "2014-05-01",
    "description": "Labour Day",
    "locale": "en-SG",
    "notes": "",
    "region": "",
    "type": "NF"
  },
  {
    "date": "2014-05-13",
    "description": "Vesak Day",
    "locale": "en-SG",
    "notes": "",
    "region": "",
    "type": "NRV"
  },
  {
    "date": "2014-07-28",
    "description": "Hari Raya Puasa",
    "locale": "en-SG",
    "notes": "",
    "region": "",
    "type": "NRV"
  },
  {
    "date": "2014-08-09",
    "description": "National Day",
    "locale": "en-SG",
    "notes": "",
    "region": "",
    "type": "NF"
  },
  {
    "date": "2014-10-05",
    "description": "Hari Raya Haji",
    "locale": "en-SG",
    "notes": "",
    "region": "",
    "type": "NRV"
  },
  {
    "date": "2014-10-06",
    "description": "Hari Raya Haji (in lieu)",
    "locale": "en-SG",
    "notes": "",
    "region": "",
    "type": "NRV"
  },
  {
    "date": "2014-10-22",
    "description": "Deepavali",
    "locale": "en-SG",
    "notes": "",
    "region": "",
    "type": "NRV"
  },
  {
    "date": "2014-12-25",
    "description": "Christmas Day",
    "locale": "en-SG",
    "notes": "",
    "region": "",
    "type": "NRF"
  }
]
