[
  {
    "date": "2026-01-01",
    "description": "Año Nuevo",
    "locale": "es-CO",
    "notes": "",
    "region": "",
    "type": "NF"
  },
  {
    "date": "2026-01-12",
    "description": "Día de los Reyes Magos",
    "locale": "es-CO",
    "notes": "",
    "region": "",
    "type": "NRV"
  },
  {
    "date": "2026-03-23",
    "description": "Día de San José",
    "locale": "es-CO",
    "notes": "",
    "region": "",
    "type": "NRV"
  },
  {
    "date": "2026-04-02",
    "description": "Jueves Santo",
    "locale": "es-CO",
    "notes": "",
    "region": "",
    "type": "NRV"
  },
  {
    "date": "2026-04-03",
    "description": "Viernes Santo",
    "locale": "es-CO",
    "notes": "",
    "region": "",
    "type": "NRV"
  },
  {
    "date": "2026-04-05",
    "description": "Domingo de Pascua",
    "locale": "es-CO",
    "notes": "",
    "region": "",
    "type": "NRV"
  },
  {
    "date": "2026-05-01",
    "description": "Día del Trabajo",
    "locale": "es-CO",
    "notes": "",
    "region": "",
    "type": "NF"
  },
  {
    "date": "2026-05-18",
    "description": "La Ascensión del Señor",
    "locale": "es-CO",
    "notes": "",
    "region": "",
    "type": "NRV"
  },
  {
    "date": "2026-06-08",
    "description": "Corpus Christi",
    "locale": "es-CO",
    "notes": "",
    "region": "",
    "type": "NRV"
  },
  {
    "date": "2026-06-15",
    "description": "El Sagrado Corazón de Jesús",
    "locale": "es-CO",
    "notes": "",
    "region": "",
    "type": "NRV"
  },
  {
    "date": "2026-06-29",
    "description": "San Pedro y San Pablo",
    "locale": "es-CO",
    "notes": "",
    "region": "",
    "type": "NRV"
  },
  {
    "date": "2026-07-20",
    "description": "Grito de Independencia",
    "locale": "es-CO",
    "notes": "",
    "region": "",
    "type": "NF"
  },
  {
    "date": "2026-08-07",
    "description": "Batalla de Boyacá",
    "locale": "es-CO",
    "notes": "",
    "region": "",
    "type": "NF"
  },
  {
    "date": "2026-08-17",
    "description": "Asunción de la Virgen",
    "locale": "es-CO",
    "notes": "",
    "region": "",
    "type": "NRV"
  },
  {
    "date": "2026-10-12",
    "description": "Día de la Raza",
    "locale": "es-CO",
    "notes": "",
    "region": "",
    "type": "NV"
  },
  {
    "date": "2026-11-02",
    "description": "Todos los Santos",
    "locale": "es-CO",
    "notes": "",
    "region": "",
    "type": "NRV"
  },
  {
    "date": "2026-11-16",
    "description": "Independencia de Cartagena",
    "locale": "es-CO",
    "notes": "",
    "region": "",
    "type": "NV"
  },
  {
    "date": "2026-12-08",
    "description": "Inmaculada Concepción",
    "locale": "es-CO",
    "notes": "",
    "region": "",
    "type": "NRF"
  },
  {
    "date": "2026-12-25",
    "description": "Navidad",
    "locale": "es-CO",
    "notes": "",
    "region": "",
    "type": "NRF"
  }
]
