[
  {
    "date": "2013-01-01",
    "description": "Nouvel An",
    "locale": "fr-LU",
    "notes": "",
    "region": "",
    "type": "NF"
  },
  {
    "date": "2013-03-31",
    "description": "Pâques",
    "locale": "fr-LU",
    "notes": "",
    "region": "",
    "type": "NF"
  },
  {
    "date": "2013-04-01",
    "description": "Lundi de Pâques",
    "locale": "fr-LU",
    "notes": "",
    "region": "",
    "type": "NF"
  },
  {
    "date": "2013-05-01",
    "description": "Premier Mai",
    "locale": "fr-LU",
    "notes": "",
    "region": "",
    "type": "NF"
  },
  {
    "date": "2013-05-09",
    "description": "Ascension",
    "locale": "fr-LU",
    "notes": "",
    "region": "",
    "type": "NF"
  },
  {
    "date": "2013-05-19",
    "description": "Pentecôte",
    "locale": "fr-LU",
    "notes": "",
    "region": "",
    "type": "NF"
  },
  {
    "date": "2013-05-20",
    "description": "Lundi de Pentecôte",
    "locale": "fr-LU",
    "notes": "",
    "region": "",
    "type": "NF"
  },
  {
    "date": "2013-06-23",
    "description": "Fête nationale",
    "locale": "fr-LU",
    "notes": "",
    "region": "",
    "type": "NF"
  },
  {
    "date": "2013-08-15",
    "description": "Assomption",
    "locale": "fr-LU",
    "notes": "",
    "region": "",
    "type": "NRF"
  },
  {
    "date": "2013-11-01",
    "description": "Toussaint",
    "locale": "fr-LU",
    "notes": "",
    "region": "",
    "type": "NRF"
  },
  {
    "date": "2013-12-25",
    "description": "Noël",
    "locale": "fr-LU",
    "notes": "",
    "region": "",
    "type": "NRF"
  },
  {
    "date": "2013-12-26",
    "description": "Saint Étienne",
    "locale": "fr-LU",
    "notes": "",
    "region": "",
    "type": "NRF"
  }
]
