[
  {
    "date": "2015-01-01",
    "description": "New Year",
    "locale": "en-LU",
    "notes": "",
    "region": "",
    "type": "NF"
  },
  {
    "date": "2015-04-05",
    "description": "Easter",
    "locale": "en-LU",
    "notes": "",
    "region": "",
    "type": "NF"
  },
  {
    "date": "2015-04-06",
    "description": "Easter Monday",
    "locale": "en-LU",
    "notes": "",
    "region": "",
    "type": "NF"
  },
  {
    "date": "2015-05-01",
    "description": "Mayday",
    "locale": "en-LU",
    "notes": "",
    "region": "",
    "type": "NF"
  },
  {
    "date": "2015-05-14",
    "description": "Ascension Day",
    "locale": "en-LU",
    "notes": "",
    "region": "",
    "type": "NF"
  },
  {
    "date": "2015-05-24",
    "description": "Pentecost",
    "locale": "en-LU",
    "notes": "",
    "region": "",
    "type": "NF"
  },
  {
    "date": "2015-05-25",
    "description": "Whit Monday",
    "locale": "en-LU",
    "notes": "",
    "region": "",
    "type": "NF"
  },
  {
    "date": "2015-06-23",
    "description": "National Day",
    "locale": "en-LU",
    "notes": "",
    "region": "",
    "type": "NF"
  },
  {
    "date": "2015-08-15",
    "description": "Assumption",
    "locale": "en-LU",
    "notes": "",
    "region": "",
    "type": "NRF"
  },
  {
    "date": "2015-11-01",
    "description": "All Saints",
    "locale": "en-LU",
    "notes": "",
    "region": "",
    "type": "NRF"
  },
  {
    "date": "2015-12-25",
    "description": "Christmas",
    "locale": "en-LU",
    "notes": "",
    "region": "",
    "type": "NRF"
  },
  {
    "date": "2015-12-26",
    "description": "Boxing Day",
    "locale": "en-LU",
    "notes": "",
    "region": "",
    "type": "NRF"
  }
]
