[
  {
    "date": "2026-01-01",
    "description": "Año Neuvo",
    "locale": "es-US",
    "notes": "",
    "region": "",
    "type": "NF"
  },
  {
    "date": "2026-01-19",
    "description": "Cumpleaños de Martin Luther King, Jr.",
    "locale": "es-US",
    "notes": "",
    "region": "",
    "type": "NV"
  },
  {
    "date": "2026-02-16",
    "description": "Día del Presidente",
    "locale": "es-US",
    "notes": "",
    "region": "",
    "type": "NV"
  },
  {
    "date": "2026-04-20",
    "description": "Día del Patriota",
    "locale": "es-US",
    "notes": "",
    "region": "MA",
    "type": "V"
  },
  {
    "date": "2026-04-20",
    "description": "Día del Patriota",
    "locale": "es-US",
    "notes": "",
    "region": "ME",
    "type": "V"
  },
  {
    "date": "2026-05-25",
    "description": "Día de los Caídos",
    "locale": "es-US",
    "notes": "",
    "region": "",
    "type": "NV"
  },
  {
    "date": "2026-06-19",
    "description": "Juneteenth – Día de la Emancipación",
    "locale": "es-US",
    "notes": "",
    "region": "",
    "type": "NF"
  },
  {
    "date": "2026-07-03",
    "description": "Día de la Independiencia (en lugar de)",
    "locale": "es-US",
    "notes": "",
    "region": "",
    "type": "NF"
  },
  {
    "date": "2026-07-04",
    "description": "Día de la Independiencia",
    "locale": "es-US",
    "notes": "",
    "region": "",
    "type": "NF"
  },
  {
    "date": "2026-09-07",
    "description": "Día del Trabajo",
    "locale": "es-US",
    "notes": "",
    "region": "",
    "type": "NV"
  },
  {
    "date": "2026-10-12",
    "description": "Día de Columbus",
    "locale": "es-US",
    "notes": "",
    "region": "",
    "type": "NV"
  },
  {
    "date": "2026-11-11",
    "description": "Día de los Veteranos",
    "locale": "es-US",
    "notes": "",
    "region": "",
    "type": "NF"
  },
  {
    "date": "2026-11-26",
    "description": "Día de Acción de Gracias",
    "locale": "es-US",
    "notes": "",
    "region": "",
    "type": "NV"
  },
  {
    "date": "2026-11-27",
    "description": "Día después de Acción de Gracias",
    "locale": "es-US",
    "notes": "",
    "region": "",
    "type": "NV"
  },
  {
    "date": "2026-12-24",
    "description": "Nochebuena",
    "locale": "es-US",
    "notes": "",
    "region": "",
    "type": "NRF"
  },
  {
    "date": "2026-12-25",
    "description": "Navidad",
    "locale": "es-US",
    "notes": "",
    "region": "",
    "type": "NRF"
  }
]
