[
  {
    "date": "2024-01-01",
    "description": "New Year",
    "locale": "en-LU",
    "notes": "",
    "region": "",
    "type": "NF"
  },
  {
    "date": "2024-03-31",
    "description": "Easter",
    "locale": "en-LU",
    "notes": "",
    "region": "",
    "type": "NF"
  },
  {
    "date": "2024-04-01",
    "description": "Easter Monday",
    "locale": "en-LU",
    "notes": "",
    "region": "",
    "type": "NF"
  },
  {
    "date": "2024-05-01",
    "description": "Mayday",
    "locale": "en-LU",
    "notes": "",
    "region": "",
    "type": "NF"
  },
  {
    "date": "2024-05-09",
    "description": "Ascension Day",
    "locale": "en-LU",
    "notes": "",
    "region": "",
    "type": "NF"
  },
  {
    "date": "2024-05-09",
    "description": "Europe Day",
    "locale": "en-LU",
    "notes": "",
    "region": "",
    "type": "NF"
  },
  {
    "date": "2024-05-19",
    "description": "Pentecost",
    "locale": "en-LU",
    "notes": "",
    "region": "",
    "type": "NF"
  },
  {
    "date": "2024-05-20",
    "description": "Whit Monday",
    "locale": "en-LU",
    "notes": "",
    "region": "",
    "type": "NF"
  },
  {
    "date": "2024-06-23",
    "description": "National Day",
    "locale": "en-LU",
    "notes": "",
    "region": "",
    "type": "NF"
  },
  {
    "date": "2024-08-15",
    "description": "Assumption",
    "locale": "en-LU",
    "notes": "",
    "region": "",
    "type": "NRF"
  },
  {
    "date": "2024-11-01",
    "description": "All Saints",
    "locale": "en-LU",
    "notes": "",
    "region": "",
    "type": "NRF"
  },
  {
    "date": "2024-12-25",
    "description": "Christmas",
    "locale": "en-LU",
    "notes": "",
    "region": "",
    "type": "NRF"
  },
  {
    "date": "2024-12-26",
    "description": "Boxing Day",
    "locale": "en-LU",
    "notes": "",
    "region": "",
    "type": "NRF"
  }
]
