[
  {
    "date": "2011-01-01",
    "description": "New Year",
    "locale": "en-LU",
    "notes": "",
    "region": "",
    "type": "NF"
  },
  {
    "date": "2011-04-24",
    "description": "Easter",
    "locale": "en-LU",
    "notes": "",
    "region": "",
    "type": "NF"
  },
  {
    "date": "2011-04-25",
    "description": "Easter Monday",
    "locale": "en-LU",
    "notes": "",
    "region": "",
    "type": "NF"
  },
  {
    "date": "2011-05-01",
    "description": "Mayday",
    "locale": "en-LU",
    "notes": "",
    "region": "",
    "type": "NF"
  },
  {
    "date": "2011-06-02",
    "description": "Ascension Day",
    "locale": "en-LU",
    "notes": "",
    "region": "",
    "type": "NF"
  },
  {
    "date": "2011-06-12",
    "description": "Pentecost",
    "locale": "en-LU",
    "notes": "",
    "region": "",
    "type": "NF"
  },
  {
    "date": "2011-06-13",
    "description": "Whit Monday",
    "locale": "en-LU",
    "notes": "",
    "region": "",
    "type": "NF"
  },
  {
    "date": "2011-06-23",
    "description": "National Day",
    "locale": "en-LU",
    "notes": "",
    "region": "",
    "type": "NF"
  },
  {
    "date": "2011-08-15",
    "description": "Assumption",
    "locale": "en-LU",
    "notes": "",
    "region": "",
    "type": "NRF"
  },
  {
    "date": "2011-11-01",
    "description": "All Saints",
    "locale": "en-LU",
    "notes": "",
    "region": "",
    "type": "NRF"
  },
  {
    "date": "2011-12-25",
    "description": "Christmas",
    "locale": "en-LU",
    "notes": "",
    "region": "",
    "type": "NRF"
  },
  {
    "date": "2011-12-26",
    "description": "Boxing Day",
    "locale": "en-LU",
    "notes": "",
    "region": "",
    "type": "NRF"
  }
]
