[
  {
    "date": "2020-01-01",
    "description": "Nouvel An",
    "locale": "fr-LU",
    "notes": "",
    "region": "",
    "type": "NF"
  },
  {
    "date": "2020-04-12",
    "description": "Pâques",
    "locale": "fr-LU",
    "notes": "",
    "region": "",
    "type": "NF"
  },
  {
    "date": "2020-04-13",
    "description": "Lundi de Pâques",
    "locale": "fr-LU",
    "notes": "",
    "region": "",
    "type": "NF"
  },
  {
    "date": "2020-05-01",
    "description": "Premier Mai",
    "locale": "fr-LU",
    "notes": "",
    "region": "",
    "type": "NF"
  },
  {
    "date": "2020-05-09",
    "description": "Journée de l'Europe",
    "locale": "fr-LU",
    "notes": "",
    "region": "",
    "type": "NF"
  },
  {
    "date": "2020-05-21",
    "description": "Ascension",
    "locale": "fr-LU",
    "notes": "",
    "region": "",
    "type": "NF"
  },
  {
    "date": "2020-05-31",
    "description": "Pentecôte",
    "locale": "fr-LU",
    "notes": "",
    "region": "",
    "type": "NF"
  },
  {
    "date": "2020-06-01",
    "description": "Lundi de Pentecôte",
    "locale": "fr-LU",
    "notes": "",
    "region": "",
    "type": "NF"
  },
  {
    "date": "2020-06-23",
    "description": "Fête nationale",
    "locale": "fr-LU",
    "notes": "",
    "region": "",
    "type": "NF"
  },
  {
    "date": "2020-08-15",
    "description": "Assomption",
    "locale": "fr-LU",
    "notes": "",
    "region": "",
    "type": "NRF"
  },
  {
    "date": "2020-11-01",
    "description": "Toussaint",
    "locale": "fr-LU",
    "notes": "",
    "region": "",
    "type": "NRF"
  },
  {
    "date": "2020-12-25",
    "description": "Noël",
    "locale": "fr-LU",
    "notes": "",
    "region": "",
    "type": "NRF"
  },
  {
    "date": "2020-12-26",
    "description": "Saint Étienne",
    "locale": "fr-LU",
    "notes": "",
    "region": "",
    "type": "NRF"
  }
]
