[
  {
    "date": "2015-01-01",
    "description": "Neujahr",
    "locale": "de-DE",
    "notes": "",
    "region": "",
    "type": "NF"
  },
  {
    "date": "2015-01-06",
    "description": "Heilige drei Könige",
    "locale": "de-DE",
    "notes": "",
    "region": "BW",
    "type": "RF"
  },
  {
    "date": "2015-01-06",
    "description": "Heilige drei Könige",
    "locale": "de-DE",
    "notes": "",
    "region": "BY",
    "type": "RF"
  },
  {
    "date": "2015-01-06",
    "description": "Heilige drei Könige",
    "locale": "de-DE",
    "notes": "",
    "region": "ST",
    "type": "RF"
  },
  {
    "date": "2015-04-03",
    "description": "Karfreitag",
    "locale": "de-DE",
    "notes": "",
    "region": "",
    "type": "NRV"
  },
  {
    "date": "2015-04-05",
    "description": "Ostern",
    "locale": "de-DE",
    "notes": "",
    "region": "",
    "type": "NRV"
  },
  {
    "date": "2015-04-06",
    "description": "Ostermontag",
    "locale": "de-DE",
    "notes": "",
    "region": "",
    "type": "NRV"
  },
  {
    "date": "2015-05-01",
    "description": "Erster Maifeiertag",
    "locale": "de-DE",
    "notes": "",
    "region": "",
    "type": "NF"
  },
  {
    "date": "2015-05-14",
    "description": "Christi Himmelfahrt",
    "locale": "de-DE",
    "notes": "",
    "region": "",
    "type": "NRV"
  },
  {
    "date": "2015-05-24",
    "description": "Pfingstsonntag",
    "locale": "de-DE",
    "notes": "",
    "region": "",
    "type": "NRV"
  },
  {
    "date": "2015-05-25",
    "description": "Pfingstmontag",
    "locale": "de-DE",
    "notes": "",
    "region": "",
    "type": "NRV"
  },
  {
    "date": "2015-06-04",
    "description": "Fronleichnam",
    "locale": "de-DE",
    "notes": "",
    "region": "BW",
    "type": "RV"
  },
  {
    "date": "2015-06-04",
    "description": "Fronleichnam",
    "locale": "de-DE",
    "notes": "",
    "region": "BY",
    "type": "RV"
  },
  {
    "date": "2015-06-04",
    "description": "Fronleichnam",
    "locale": "de-DE",
    "notes": "",
    "region": "HE",
    "type": "RV"
  },
  {
    "date": "2015-06-04",
    "description": "Fronleichnam",
    "locale": "de-DE",
    "notes": "",
    "region": "NW",
    "type": "RV"
  },
  {
    "date": "2015-06-04",
    "description": "Fronleichnam",
    "locale": "de-DE",
    "notes": "",
    "region": "RP",
    "type": "RV"
  },
  {
    "date": "2015-06-04",
    "description": "Fronleichnam",
    "locale": "de-DE",
    "notes": "",
    "region": "SL",
    "type": "RV"
  },
  {
    "date": "2015-06-04",
    "description": "Fronleichnam",
    "locale": "de-DE",
    "notes": "In Gemeinden mit überwiegend katholischer Bevölkerung",
    "region": "TH",
    "type": "RV"
  },
  {
    "date": "2015-08-15",
    "description": "Mariä Himmelfahrt",
    "locale": "de-DE",
    "notes": "In Gemeinden mit überwiegend katholischer Bevölkerung",
    "region": "BY",
    "type": "RF"
  },
  {
    "date": "2015-08-15",
    "description": "Mariä Himmelfahrt",
    "locale": "de-DE",
    "notes": "",
    "region": "SL",
    "type": "RF"
  },
  {
    "date": "2015-10-03",
    "description": "Tag der Deutschen Einheit",
    "locale": "de-DE",
    "notes": "",
    "region": "",
    "type": "NRF"
  },
  {
    "date": "2015-10-31",
    "description": "Reformationstag",
    "locale": "de-DE",
    "notes": "",
    "region": "BB",
    "type": "RF"
  },
  {
    "date": "2015-10-31",
    "description": "Reformationstag",
    "locale": "de-DE",
    "notes": "",
    "region": "MV",
    "type": "RF"
  },
  {
    "date": "2015-10-31",
    "description": "Reformationstag",
    "locale": "de-DE",
    "notes": "",
    "region": "SN",
    "type": "RF"
  },
  {
    "date": "2015-10-31",
    "description": "Reformationstag",
    "locale": "de-DE",
    "notes": "",
    "region": "ST",
    "type": "RF"
  },
  {
    "date": "2015-10-31",
    "description": "Reformationstag",
    "locale": "de-DE",
    "notes": "",
    "region": "TH",
    "type": "RF"
  },
  {
    "date": "2015-11-01",
    "description": "Allerheiligen",
    "locale": "de-DE",
    "notes": "",
    "region": "BW",
    "type": "RF"
  },
  {
    "date": "2015-11-01",
    "description": "Allerheiligen",
    "locale": "de-DE",
    "notes": "",
    "region": "BY",
    "type": "RF"
  },
  {
    "date": "2015-11-01",
    "description": "Allerheiligen",
    "locale": "de-DE",
    "notes": "",
    "region": "NW",
    "type": "RF"
  },
  {
    "date": "2015-11-01",
    "description": "Allerheiligen",
    "locale": "de-DE",
    "notes": "",
    "region": "RP",
    "type": "RF"
  },
  {
    "date": "2015-11-01",
    "description": "Allerheiligen",
    "locale": "de-DE",
    "notes": "",
    "region": "SL",
    "type": "RF"
  },
  {
    "date": "2015-11-18",
    "description": "Buß- und Bettag",
    "locale": "de-DE",
    "notes": "",
    "region": "SN",
    "type": "RV"
  },
  {
    "date": "2015-12-24",
    "description": "Heilig Abend",
    "locale": "de-DE",
    "notes": "",
    "region": "",
    "type": "NRF"
  },
  {
    "date": "2015-12-25",
    "description": "Weihnachtstag",
    "locale": "de-DE",
    "notes": "",
    "region": "",
    "type": "NRF"
  },
  {
    "date": "2015-12-26",
    "description": "Zweiter Weihnachtstag",
    "locale": "de-DE",
    "notes": "",
    "region": "",
    "type": "NRF"
  },
  {
    "date": "2015-12-31",
    "description": "Silvester",
    "locale": "de-DE",
    "notes": "",
    "region": "",
    "type": "NF"
  }
]
