[
  {
    "date": "2015-01-01",
    "description": "Nouvel An",
    "locale": "fr-LU",
    "notes": "",
    "region": "",
    "type": "NF"
  },
  {
    "date": "2015-04-05",
    "description": "Pâques",
    "locale": "fr-LU",
    "notes": "",
    "region": "",
    "type": "NF"
  },
  {
    "date": "2015-04-06",
    "description": "Lundi de Pâques",
    "locale": "fr-LU",
    "notes": "",
    "region": "",
    "type": "NF"
  },
  {
    "date": "2015-05-01",
    "description": "Premier Mai",
    "locale": "fr-LU",
    "notes": "",
    "region": "",
    "type": "NF"
  },
  {
    "date": "2015-05-14",
    "description": "Ascension",
    "locale": "fr-LU",
    "notes": "",
    "region": "",
    "type": "NF"
  },
  {
    "date": "2015-05-24",
    "description": "Pentecôte",
    "locale": "fr-LU",
    "notes": "",
    "region": "",
    "type": "NF"
  },
  {
    "date": "2015-05-25",
    "description": "Lundi de Pentecôte",
    "locale": "fr-LU",
    "notes": "",
    "region": "",
    "type": "NF"
  },
  {
    "date": "2015-06-23",
    "description": "Fête nationale",
    "locale": "fr-LU",
    "notes": "",
    "region": "",
    "type": "NF"
  },
  {
    "date": "2015-08-15",
    "description": "Assomption",
    "locale": "fr-LU",
    "notes": "",
    "region": "",
    "type": "NRF"
  },
  {
    "date": "2015-11-01",
    "description": "Toussaint",
    "locale": "fr-LU",
    "notes": "",
    "region": "",
    "type": "NRF"
  },
  {
    "date": "2015-12-25",
    "description": "Noël",
    "locale": "fr-LU",
    "notes": "",
    "region": "",
    "type": "NRF"
  },
  {
    "date": "2015-12-26",
    "description": "Saint Étienne",
    "locale": "fr-LU",
    "notes": "",
    "region": "",
    "type": "NRF"
  }
]
