[
  {
    "date": "2012-01-01",
    "description": "New Year's Day",
    "locale": "en-SG",
    "notes": "",
    "region": "",
    "type": "NF"
  },
  {
    "date": "2012-01-02",
    "description": "New Year's Day (in lieu)",
    "locale": "en-SG",
    "notes": "",
    "region": "",
    "type": "NF"
  },
  {
    "date": "2012-01-23",
    "description": "Chinese New Year",
    "locale": "en-SG",
    "notes": "",
    "region": "",
    "type": "NRV"
  },
  {
    "date": "2012-01-24",
    "description": "Chinese New Year (Second Day)",
    "locale": "en-SG",
    "notes": "",
    "region": "",
    "type": "NRV"
  },
  {
    "date": "2012-04-06",
    "description": "Good Friday",
    "locale": "en-SG",
    "notes": "",
    "region": "",
    "type": "NRV"
  },
  {
    "date": "2012-05-01",
    "description": "Labour Day",
    "locale": "en-SG",
    "notes": "",
    "region": "",
    "type": "NF"
  },
  {
    "date": "2012-05-05",
    "description": "Vesak Day",
    "locale": "en-SG",
    "notes": "",
    "region": "",
    "type": "NRV"
  },
  {
    "date": "2012-08-09",
    "description": "National Day",
    "locale": "en-SG",
    "notes": "",
    "region": "",
    "type": "NF"
  },
  {
    "date": "2012-08-19",
    "description": "Hari Raya Puasa",
    "locale": "en-SG",
    "notes": "",
    "region": "",
    "type": "NRV"
  },
  {
    "date": "2012-08-20",
    "description": "Hari Raya Puasa (in lieu)",
    "locale": "en-SG",
    "notes": "",
    "region": "",
    "type": "NRV"
  },
  {
    "date": "2012-10-26",
    "description": "Hari Raya Haji",
    "locale": "en-SG",
    "notes": "",
    "region": "",
    "type": "NRV"
  },
  {
    "date": "2012-11-13",
    "description": "Deepavali",
    "locale": "en-SG",
    "notes": "",
    "region": "",
    "type": "NRV"
  },
  {
    "date": "2012-12-25",
    "description": "Christmas Day",
    "locale": "en-SG",
    "notes": "",
    "region": "",
    "type": "NRF"
  }
]
