[
  {
    "date": "2012-01-01",
    "description": "Neujahr",
    "locale": "de-LU",
    "notes": "",
    "region": "",
    "type": "NF"
  },
  {
    "date": "2012-04-08",
    "description": "Ostern",
    "locale": "de-LU",
    "notes": "",
    "region": "",
    "type": "NF"
  },
  {
    "date": "2012-04-09",
    "description": "Ostermontag",
    "locale": "de-LU",
    "notes": "",
    "region": "",
    "type": "NF"
  },
  {
    "date": "2012-05-01",
    "description": "1. Mai",
    "locale": "de-LU",
    "notes": "",
    "region": "",
    "type": "NF"
  },
  {
    "date": "2012-05-17",
    "description": "Christi Himmelfahrt",
    "locale": "de-LU",
    "notes": "",
    "region": "",
    "type": "NF"
  },
  {
    "date": "2012-05-27",
    "description": "Pfingsten",
    "locale": "de-LU",
    "notes": "",
    "region": "",
    "type": "NF"
  },
  {
    "date": "2012-05-28",
    "description": "Pfingstmontag",
    "locale": "de-LU",
    "notes": "",
    "region": "",
    "type": "NF"
  },
  {
    "date": "2012-06-23",
    "description": "Nationalfeiertag",
    "locale": "de-LU",
    "notes": "",
    "region": "",
    "type": "NF"
  },
  {
    "date": "2012-08-15",
    "description": "Mariä Himmelfahrt",
    "locale": "de-LU",
    "notes": "",
    "region": "",
    "type": "NRF"
  },
  {
    "date": "2012-11-01",
    "description": "Allerheiligen",
    "locale": "de-LU",
    "notes": "",
    "region": "",
    "type": "NRF"
  },
  {
    "date": "2012-12-25",
    "description": "Weihnachten",
    "locale": "de-LU",
    "notes": "",
    "region": "",
    "type": "NRF"
  },
  {
    "date": "2012-12-26",
    "description": "2. Weihnachtsfeiertag",
    "locale": "de-LU",
    "notes": "",
    "region": "",
    "type": "NRF"
  }
]
