[
  {
    "date": "2026-01-01",
    "description": "Neujahr",
    "locale": "de-LU",
    "notes": "",
    "region": "",
    "type": "NF"
  },
  {
    "date": "2026-04-05",
    "description": "Ostern",
    "locale": "de-LU",
    "notes": "",
    "region": "",
    "type": "NF"
  },
  {
    "date": "2026-04-06",
    "description": "Ostermontag",
    "locale": "de-LU",
    "notes": "",
    "region": "",
    "type": "NF"
  },
  {
    "date": "2026-05-01",
    "description": "1. Mai",
    "locale": "de-LU",
    "notes": "",
    "region": "",
    "type": "NF"
  },
  {
    "date": "2026-05-09",
    "description": "Europatag",
    "locale": "de-LU",
    "notes": "",
    "region": "",
    "type": "NF"
  },
  {
    "date": "2026-05-14",
    "description": "Christi Himmelfahrt",
    "locale": "de-LU",
    "notes": "",
    "region": "",
    "type": "NF"
  },
  {
    "date": "2026-05-24",
    "description": "Pfingsten",
    "locale": "de-LU",
    "notes": "",
    "region": "",
    "type": "NF"
  },
  {
    "date": "2026-05-25",
    "description": "Pfingstmontag",
    "locale": "de-LU",
    "notes": "",
    "region": "",
    "type": "NF"
  },
  {
    "date": "2026-06-23",
    "description": "Nationalfeiertag",
    "locale": "de-LU",
    "notes": "",
    "region": "",
    "type": "NF"
  },
  {
    "date": "2026-08-15",
    "description": "Mariä Himmelfahrt",
    "locale": "de-LU",
    "notes": "",
    "region": "",
    "type": "NRF"
  },
  {
    "date": "2026-11-01",
    "description": "Allerheiligen",
    "locale": "de-LU",
    "notes": "",
    "region": "",
    "type": "NRF"
  },
  {
    "date": "2026-12-25",
    "description": "Weihnachten",
    "locale": "de-LU",
    "notes": "",
    "region": "",
    "type": "NRF"
  },
  {
    "date": "2026-12-26",
    "description": "2. Weihnachtsfeiertag",
    "locale": "de-LU",
    "notes": "",
    "region": "",
    "type": "NRF"
  }
]
